TIME,1.00937,1.00937,1.00937,1.09348,1.09348,1.09348,1.1776,1.1776,1.1776,1.26171,1.26171,1.26171,1.34583,1.34583,1.34583,1.42994,1.42994,1.51405,1.51405,1.51405,1.59817,1.59817,1.68228,1.68228,1.7664,1.7664,1.85051,1.85051,1.93462,1.93462
0.000000000,168.926,144.923,215.933,253.213,397.522,285.905,276.401,567.904,393.588,280.732,403.07,523.49,576.263,288.281,199.371,173.799,203.103,259.171,82.5602,250.049,367.025,413.832,263.441,158.889,51.2402,325.617,260.153,408.374,394.417,277.493
1.486077098,149.807,123.542,234.619,287.944,509.55,383.889,362.994,861.052,452.142,391.21,675.169,691.013,809.192,401.751,325.676,295.292,251.565,413.951,209.484,437.795,662.481,549.168,397.124,210.161,33.3296,456.206,370.449,543.618,661.592,461.901
2.972154195,124.554,101.688,244.214,311.81,598.237,494.496,451.386,1170.59,524.669,603.447,1086.18,848.949,1047.79,573.18,508.864,457.855,282.598,594.71,413.119,677.536,1034.81,679.726,571.308,267.269,64.254,603.187,503.235,693.183,999.187,696.182
4.458231293,117.213,111.509,241.748,344.327,652.099,635.125,531.422,1370.51,640.943,912.561,1600.71,1066.4,1280.56,771.399,760.435,618.09,292.504,779.862,685.16,914.893,1339.51,790.4,772.813,330.658,191.584,733.813,640.216,858.098,1338.36,909.684
5.944308390,133.064,162.56,226.891,394.596,688.991,797.41,605.01,1383.41,810.814,1226.98,2102.4,1389.91,1510.24,942.845,1063.05,742.401,292.935,968.571,972.404,1073.44,1462.9,879.652,994.421,407.371,437.902,800.256,768.975,1001.89,1600.82,1037.64
7.430385488,153.38,251.938,215.12,481.251,708.099,943.661,677.87,1217.73,991.724,1396.86,2477.69,1787.64,1719.46,1027.09,1357.78,833.649,313.791,1112.19,1218.62,1122.25,1400.82,978.022,1179.45,476.283,765.419,793.389,899.65,1085.78,1747.77,1031.88
8.916462585,158.79,337.76,203.185,579.807,697.006,1009.68,723.687,1021.31,1097.28,1316.3,2670.54,2203.54,1907.59,965.581,1612.22,874.008,346.586,1184.12,1391.11,1066.57,1216.33,1097.1,1275.17,540.793,1085.05,707.925,982.547,1074.51,1834.98,919.516
10.402539683,152.29,376.041,199.813,661.761,646.926,976.87,758.481,895.155,1141.56,1071.67,2736.04,2603.35,2097.45,806.84,1787.98,868.548,381.641,1207.56,1469.95,977.516,981.338,1218.01,1274.48,610.852,1292.13,579.67,971.558,967.433,1892.91,800.089
11.888616780,166.594,362.072,221.384,709.646,558.803,877.047,812.076,869.702,1197.5,871.7,2783.8,2958.79,2332.79,668.216,1849.57,843.672,421.691,1206.49,1449.86,952.015,765.381,1303.68,1205,691.845,1319.66,466.523,863.893,817.605,1906.78,763.993
13.374693878,253.793,338.676,272.582,715.495,451.895,763.979,888.923,927.228,1333.35,904.366,2869.33,3229.93,2633.67,661.206,1798.54,819.132,474.393,1180.67,1345.35,1038.16,620.931,1336.86,1100.71,762.708,1176.89,402.413,694.4,680.116,1862.64,840.978
14.860770975,431.614,353.609,346.025,679.965,363.384,678.98,983.008,1004.63,1554.18,1178.49,2973.52,3368.85,2931.73,828.995,1648.31,807.687,545.755,1106.2,1182.68,1189.65,564.511,1322.13,980.56,786.688,946.086,388.312,517.744,591.397,1746.06,997.724
16.346848073,656.213,405.744,422.056,613.607,320.159,628.806,1050.34,1027.08,1779.08,1517.29,3012.76,3335.73,3074.47,1117.62,1436.8,806.713,637.609,948.232,991.829,1287.34,579.806,1267.65,850.674,751.689,722.805,396.592,377.484,561.04,1543.01,1165.83
17.832925170,840.851,467.91,470.546,522.142,312.722,597.342,1033.64,970.546,1879.18,1704.57,2863.51,3103.96,2957.67,1383.16,1206.96,786.415,718.846,727.135,801.285,1242.62,607.324,1178.74,698.616,644.877,560.889,384.13,283.23,555.596,1273.01,1244.33
19.319002268,894.344,516.357,451.636,421.52,310.51,562.153,935.952,836.491,1777.49,1631.85,2413.83,2704.73,2586.99,1444.89,952.85,742.353,763.899,482.904,611.05,1031.42,586.53,1034.15,522.996,477.356,460.72,344.206,215.765,532.908,942.678,1169.5
20.805079365,804.565,533.708,388.682,342.486,249.477,525.603,828.97,659.792,1463.45,1309.74,1669.26,2192.38,2054.18,1240.03,699.247,669.325,722.145,266.812,422.547,716.168,487.557,809.754,367.738,312.662,385.402,286.272,150.43,465.112,617.609,954.974
22.291156463,649.198,544.63,354.728,315.374,153.748,545.924,773.905,459.72,1068.16,952.094,844.406,1661.69,1509.16,908.056,424.386,611.771,615.032,102.494,315.21,424.519,335.741,600.886,291.603,252.29,342.146,255.129,111.724,367.174,349.166,647.467
23.777233560,497.714,655.074,468.282,366.333,137.15,700.972,831.839,380.672,731.739,714.457,307.916,1298.31,1190.64,665.993,197.469,673.155,492.098,108.714,374.143,265.973,209.579,559.386,347.638,382.669,400.999,328.435,155.028,292.799,229.646,395.754
25.263310658,516.239,1148.06,1010.84,554.239,248.518,972.077,1068.96,557.876,632.251,740.219,354.9,1286.39,1231.13,625.774,118.848,951.179,445.477,445.045,748.476,429.085,280.634,731.175,569.37,732.31,632.412,618.267,307.434,338.209,273.582,316.525
26.749387755,943.852,2571.03,2258.23,952.819,546.207,1322.41,1441.7,1037.39,900.066,1029.36,985.616,1848.93,1626.12,774.176,188.128,1567.47,509.728,1145.1,1637.44,1197.45,692.796,1110.19,961.259,1183.9,1069.02,1198.94,592.714,499.833,477.102,410.117
28.235464853,1800.23,5616.34,4165.79,1598.83,955.333,1654.35,1864.05,1709.02,1549.81,1413.87,1996.64,3196.08,2174.54,959.382,335.194,2678.16,678.085,2034.39,3120.05,2863.93,1513.28,1611.58,1435.57,1539.56,1725.78,2051.26,1004.06,635.327,803.474,708.528
29.721541950,2960.6,10729.8,6442.16,2505.07,1335.36,1894.86,2280.01,2359.52,2305.5,1635.03,3059.66,5477.79,2535.91,1116.51,487.726,4452.95,886.287,2736.19,5074.43,5664.46,2672.86,1997.27,1809.64,1699.99,2560.94,2970.84,1514.19,656.6,1174.01,1178.41
31.207619048,4303.16,17433.8,8595,3527.14,1623.12,1875.82,2515.99,2905.52,2746.45,1582.06,3913.58,8695.52,2529.98,1244.31,652.465,6824.88,1073.99,2997.13,7231.16,9472.42,3953.84,2052.85,1941.46,1781.21,3317.14,3703.14,2087.91,563.909,1521.09,1730.83
32.693696145,5548.47,24341.4,10176.1,4314.84,1876.75,1540.51,2514.41,3182.34,2694.98,1327.22,4485.84,12537.6,2194.79,1357.7,804.532,9506.78,1157.83,2786.97,9031.65,13927.8,5024.51,1796.51,1841.51,1792.35,3807.17,4080.52,2581.62,416.636,1754.26,2357.68
34.179773243,6423.24,29794.5,10915.2,4666.41,2104.21,973.538,2353.85,3021.92,2288.49,1068.97,4728,16504.4,1795.18,1400.77,935.468,12097.7,1077.52,2231.33,9966.07,18391.9,5641.44,1432.02,1661.26,1657.08,3891.28,3983.53,2783.09,338.543,1839.75,2955.86
35.665850340,6819.1,33088.3,10906.3,4596.82,2323.15,446.674,2267.68,2470.73,1749.64,855.535,4866.03,19828.8,1592.17,1460.22,1136.23,14189.7,819.229,1562.88,9852.06,21975.2,5873.42,1134.95,1784.68,1432.4,3435.64,3440.7,2558.54,407.049,1971.08,3366.01
37.151927438,7110.13,34453.9,10467.2,4142.21,2599.53,353.247,2482.28,1736.26,1314.56,741.145,5223.65,21952.8,1704.44,1549.04,1372.94,15470.5,504.919,1013.08,9170.69,24060.7,5839.82,956.687,2582.86,1276.17,2492.94,2691.19,2058.01,634.849,2298.6,3577.57
38.638004535,7655.55,34511.3,9863.09,3652.4,2912.21,899.597,3148.59,1128.08,1223.82,785.336,5759.13,22819.9,2041.58,1672.08,1547.67,16057.5,321.076,737.612,8641.96,24588.9,5544.49,987.83,3893.54,1306.83,1503.87,2015.89,1621.09,1011.56,2911.21,3689.58
40.124081633,8444.8,33832.6,9391.19,3668.92,3303.13,1986.66,4165.33,1059.91,1453.9,944.054,6139.97,22659.9,2463,1858.64,1652.64,16162,400.717,770.02,8726.76,23969.5,5079.81,1186.06,5184.3,1513.92,890.234,1752.66,1572.15,1434.79,3725.6,3794.75
41.610158730,9416.88,32585.4,9386.55,4298.29,3737.92,3212.58,5214.22,1699.39,1854.07,1209.67,5939.96,21809.6,2963.02,2032.34,1812.43,16098.2,714.111,981.298,9353.84,23055,4575.67,1518.27,6036.5,1872.62,780.68,1952.27,2077.17,1801.87,4681.68,4052.53
43.096235828,10141.7,30344.1,10137,5144.52,3897.11,3985.5,5784.42,3051.28,2289.02,1603.48,4845.88,20933,3371.3,2069.84,2122.6,15849.1,1198.23,1304.21,9931.9,22728.3,4028.85,1986.95,6147.75,2320.22,1140.72,2227.84,3168.09,2115.51,5512.36,4550.87
44.582312925,10293.9,26288.1,11720.5,5749.51,3674.98,3967.6,5732.43,4778.82,2766.41,2112.27,3259.55,20272.5,3602.56,1942.9,2524.82,15349.7,1771.15,1716.8,9937.98,23132.1,3772.27,2598.07,5426.1,2826.1,1836.88,2342.6,4604.49,2432.21,5885.58,5468.45
46.068390023,9746.44,21189,13669.7,5918.36,3260.83,3403.22,5247.71,6303.03,3174.97,2645.55,2118.93,19696.8,3744.33,1676.82,2764.14,14555.1,2331.77,2136.58,9271.3,23630.2,4306.47,3346.83,4337.2,3234.89,2601.33,2378.76,5993.39,2675.44,5756.46,6797.8
47.554467120,8751.35,16723.2,15266,5737.4,2882.51,2772.43,4565.01,7242.22,3426.96,3095.38,2004.88,19274.7,3692.83,1435.84,2736.79,13448,2749.76,2452.23,8046.57,23858.3,5561.89,3997.97,3391.68,3485.11,3159.58,2600.02,6920.55,2802.76,5562.32,8280.91
49.040544218,7798.58,14413.9,15953.6,5247.21,2730.47,2333.71,4149.34,7331.55,3575.6,3420.22,2873.08,18855.6,3393.02,1275.79,2472.85,12146.6,2852.11,2702.69,6696.12,23591.2,6872.84,4332.19,2850.77,3545.75,3477.72,3069.19,7315.06,2645.71,5642.94,9227.57
50.526621315,7361.12,14423.3,15279.1,4665.89,2767.96,2184.99,4149.13,7004.35,3439.82,3627.12,4161.19,18251.2,2875.05,1229.52,2005.46,10938.7,2743.73,3041.15,5771.32,22969.8,7453.05,4061.17,2713.49,3500.51,3577.31,3640.98,7156.36,2405.87,5913.5,9209.97
52.012698413,7960.42,15425.5,13473.5,4093.86,2812.92,2143.46,4581.03,6726.65,2973,3837.88,5086.89,17572.4,2377.75,1291.52,1477.68,9917.23,2546.04,3513.49,5727.33,22199.6,6898.67,3264.88,2704.14,3342.92,3591.4,4048.76,6528.56,2462.43,6002.09,8255.66
53.498775510,9332.56,15884.4,11034.3,3542.32,2866.75,2131.48,5481.32,6275.39,2578.53,4147.71,5156.31,16670.7,2200.92,1359.59,1088.6,9279.89,2431.24,3983.15,6692.98,21296.9,5408.62,2446.44,2523.11,3086.76,3592.19,3891.52,5887.29,2991.96,5635.16,6549.55
54.984852608,10498.1,15164.5,8929.72,3139.62,2857.5,2113.21,6423.6,5764.23,2365.28,4549.51,4430.93,15692.2,2354.6,1363.08,834.224,9090.57,2294.02,4347.93,8276.21,20407.4,3811.93,1876.45,2042.03,2609.08,3466.57,3223.96,5445.15,3943.09,4852.11,4882.46
56.470929705,10965.9,13962.1,8032.06,3026.14,2824.02,2043.73,7059.18,5203.77,2220.85,4942.04,3445.39,14726.6,2587.87,1222.67,691.603,9076.04,2041.54,4509.34,9850.87,19625.1,2948.45,1590.91,1420.17,1968,3237.23,2349.33,5303.43,4973.93,4054.31,4157.08
57.957006803,10834.6,13552.9,8177.61,3267.64,2749.12,1912.22,7385.29,4598.91,2093.42,4911.16,2753.6,13758.1,2723.01,954.836,627.766,9172.55,1686.61,4565.67,10854.2,19084.6,2912.21,1461.26,951.735,1395.79,2909.58,1648.25,5570,5427.1,3674.09,4319.27
59.443083900,10466,14107.3,8527.5,3824.26,2908.88,1688.85,7558.48,4289.16,1969.68,4238.36,2333.52,12930.3,2669.61,763.899,628.026,9225.28,1401.4,4593.72,11308.9,18905.1,3178.17,1304.63,660.67,973.139,2440.6,1476.38,6122.96,5258.99,3809.27,4949.76
60.929160998,9877.66,15037.4,8556.57,4644.81,3343.35,1520.86,7726.66,4331.33,1788.8,3249.59,2059.56,12131.8,2385.53,680.663,691.545,9302.24,1220.29,4447.97,11352.5,18966.9,3368.1,1025.53,561.952,722.566,1875.74,1648.38,6837.8,4648.98,4289.07,5632.26
62.415238095,9007.76,15786.8,8191.28,5616.6,3833.68,1511.44,7955.34,4699.71,1548.8,2311.75,1709.57,11424.2,1911.05,591.597,771.015,9463.15,1196.46,4203.76,11000.1,19150.3,3283.56,623.047,552.878,583.217,1319.65,1933.4,7386.02,3850.37,4530.74,5605.22
63.901315193,8266.21,15994,7951.76,6421.1,4435.18,1564.42,8102.27,5192.44,1278.59,1610.75,1173.81,11106.1,1408.38,487.515,778.311,9569.43,1287.76,3882.91,10379.3,19637.2,2730.8,294.474,506.793,466.86,979.03,2137.33,7408.49,3257.45,4285.4,4898.77
65.387392290,7977.39,16141.3,8201.06,6799.18,4897.62,1445.14,8189.8,5315.52,1137.53,1111.16,665.093,11074.7,973.5,441.49,681.249,9456.53,1447.82,3479.8,9799.7,20147.4,1860.06,302.93,491.106,425.878,885.993,2080.31,6885.85,3073.06,3513.21,3797.82
66.873469388,8056.02,16634.3,8911.86,6823.21,4983.15,1224.79,7742.95,5074.78,1048.67,807.128,559.124,11195.4,739.546,517.622,527.228,9013.05,1591.16,3064.58,9199.58,20338.8,1109.61,664.353,655.414,486.351,971.328,1932.65,5963.61,3310.57,2768.14,2970.57
68.359546485,8539.81,16479.7,9768.61,6623.08,4689.76,1063.44,7006.65,4592.49,1044.53,827.32,1126.03,11206.7,745.493,740.427,389.135,8430.45,1741.29,2894.25,8508.14,19612.1,1113.23,1224.18,1170.48,631.897,1063.3,1647.91,5414.15,3434.24,2449.56,3052.54
69.845623583,9911.3,14124.4,10708,6690.61,4183.32,1101.24,6105.52,4075.34,1144.36,1226.03,2393.33,10818,994.626,1111.75,418.284,7751.23,1810.25,2856.91,7916.17,17948.6,2196.74,1926.52,2083.62,890.327,1073.61,1410.22,5325.91,3447.83,2426.19,3977.4
71.331700680,13178.9,10030.9,12299.6,7224.68,3823.86,1284.47,5120.43,3688.81,1377.23,1900.88,3992.57,9935.58,1433.1,1640.38,732.197,7012.18,1856.99,2791.49,7593.65,16195.8,3965.72,2797.74,3440.24,1379.99,1038.03,1387.88,5300.17,3420.58,2508.56,5209.09
72.817777778,18899.1,7966.71,15345.6,7986.73,3582.57,1645.23,4563.14,3317.73,1843.7,2769.85,5523.42,8424.62,1895.51,2314.52,1279.6,6185.84,1937.85,2599.88,7581.6,15138.5,5871.98,3821.64,5092.61,2054.93,1050.65,1519.06,5279.32,3082.57,2664.03,6302.33
74.303854875,26860.9,13715.9,20392.7,8408.47,3376.25,2100.71,4132.06,3056.95,2466.9,3746.37,6799.18,6518.8,2183.51,3087.09,1830.99,5212.47,2006.64,2198.7,7591.58,15503.7,7506.56,4690.5,6712.25,2690.11,1151.33,1737.77,4867.87,2757.02,2903.3,6877.31
75.789931973,36027.8,30647.4,27463.2,8342.25,3188.05,2380.09,3751,2741.26,3032.5,4718.59,7574.73,4787.8,2264.71,3810.97,2245.37,4127.04,1910.21,1871.82,7433.31,17812.7,8353.61,5110.19,7760.13,3016.72,1318.71,1783.12,4223.03,2622.91,2962.06,6915.35
77.276009070,44328.6,56312,35661.1,8082.59,2994.1,2320.59,3432.26,2413.46,3291.15,5189.95,7808.49,3524.61,2292.77,4271.04,2595.45,2925.38,1528.1,1814.15,7276.88,22118.7,8351.99,4930.16,8057.18,2823.23,1530.34,1712.54,3488.48,2611.05,2760.72,6566.02
78.762086168,49080.2,84190.1,43419.2,7638.66,2434.39,2167.78,3031.26,2168.46,3227.04,4877.16,7513.38,2994.44,2419.97,4359.57,3051,1880.2,1055.62,1958.62,7214.65,28138.3,7785.59,4214,7600.67,2261.33,1738.06,1630.32,2697.42,2725.4,2211.15,5904
80.248163265,48408.4,106283,49392.2,6968.34,1575.38,2178.13,2749.92,1848.11,2899.98,3969.42,6795.63,3238.06,2665.83,4220.5,3610.19,1374.62,773.228,2199.17,7079.1,35464.9,7213.81,3430.89,6532.32,1655.34,1918.16,1506.93,2183.25,2740.38,1434.88,4986.47
81.734240363,42471.1,118104,52376.7,6357.06,839.701,2364.53,2458.18,1553.71,2495.13,2912.91,5742.8,4071.62,2968.27,3996.4,4155.47,1565.02,827.358,2442.4,6882.75,43432.8,6947.75,3026.73,5167.28,1313.87,1980.62,1333.38,2061.41,2559.88,731.745,4086.82
83.220317460,33921.6,119670,52378.4,5923.9,582.724,2460.57,2104,1271.72,2176.45,2046.63,4615.37,5102.97,3194.31,3783.59,4488.07,2209.08,1134.19,2620.86,6632.49,51113.5,7186.42,3086.04,3734.05,1330.69,1966.97,1144.08,2290.05,2288.92,289.742,3308.21
84.706394558,25892,113403,50951.1,5383.77,865.437,2270.82,1814.63,1010.12,2089.19,1549.56,3612.45,5971.7,3262.51,3497.04,4456.65,2903.2,1522.54,2644.8,6392.98,58249.9,7602.5,3481.55,2465.13,1605.19,1860.35,1014.79,2789.55,1853.61,258.435,2912.47
86.192471655,19810.9,103369,49836.1,4864.59,1241.13,1919.21,1650.76,843.221,2195.62,1391.43,2905.65,6455.14,3205,3183.6,3910.72,3320.34,1825.91,2537.55,6362.8,63762.6,7806.58,4048.38,1695.46,2091.33,1726.97,996.893,3308.64,1445.15,655.036,3133.82
87.678548753,15757.8,93341.6,49785.9,4860.9,1447.77,1487.07,1652.7,846.796,2384.39,1509.76,2558.68,6448.7,2970.69,2872.51,3009.98,3279.75,1972.81,2341.77,6569.36,65480.7,7809.47,4622.54,1354.41,2516.58,1623.75,1117.3,3540.76,1212.51,1207.78,3844.9
89.164625850,13349.7,85921.8,49908.5,5378.29,1645.44,1012.24,1877.84,1151.45,2481.68,1714.64,2497.83,6001.33,2590.59,2497.87,2146.99,2819.04,1992.8,2197.8,6871.53,61772.9,7620.44,4810.13,1292.35,2643.97,1591.65,1441.78,3523.27,1170.75,1751.18,4522.91
90.650702948,12945.6,83878.3,48351.2,6025.41,2000,611.894,2273.22,1593.67,2486.84,1897.02,2606.06,5277.79,2118.74,2049.65,1612,2217.32,2023.1,2081.67,7176.75,53033,6874.86,4689.96,1320.18,2486.45,1690.97,1989.98,3323.63,1281.67,2292.44,4767.23
92.136780045,15961.9,88845.8,44429.3,6334.47,2423.85,449.91,2675.15,2108.06,2368.18,2015.81,2874.52,4552.7,1693.09,1622.09,1571.58,1723.08,2062.78,1911.12,7496.61,42183.3,5527.64,4285.67,1447.93,2191.94,1902.43,2666.46,2998.22,1384.18,2817.63,4519.34
93.622857143,23062.7,99395.7,39436.2,6144.28,3056.24,709.292,2910.68,2675.23,2126.27,2075.27,3187.77,3966.81,1462.62,1350.65,2025.76,1435.93,2043.95,1663.72,7759.23,32228.5,4294.81,3794.06,1587.94,1823.04,2199.23,3419.22,2503.31,1377.78,3383.37,3913.82
95.108934240,32481,111453,35651.1,6014.05,4002.54,1374.46,2913.12,3095.09,1926.11,2080.69,3401.3,3442.84,1447.13,1303.94,2730.12,1333.12,1895.74,1404.42,7756.09,24878.8,3936.65,3302.49,1712.55,1496.33,2546.89,4017.91,2099.24,1150.54,4113.16,3051.98
96.595011338,40594.6,118769,35002.3,6834.99,5201.76,2127.73,2618.13,3319.22,1790.21,2118.37,3445.54,2954.82,1514.73,1431.3,3351.65,1347.24,1660.14,1302.87,6954.52,20708.6,4621.18,2913.76,1817.1,1233.04,2895.38,4212.45,1863.76,853.683,4694.46,2159.67
98.081088435,44024.9,116027,37217.7,9097.15,6303.37,2802.81,2268.96,3119.7,1751.08,2163.1,3266.79,2529.89,1513.5,1592.82,3626.18,1446.47,1450.4,1397.16,5226.93,19234,5906.35,2659.84,1906.36,1084.03,3113.72,4014.37,1775.51,708.075,4824.4,1719.42
99.567165533,41529.8,101782,39782.3,12076.6,6779.34,3411.53,1975.39,2700.8,1662.05,2105.07,2917.16,2080.76,1403.24,1636.39,3467.73,1526.2,1306.45,1640.66,3244.95,19179.7,7084.88,2458.36,1951.28,1050.15,3104.28,3595.37,1737.46,756.908,4470.66,1798.98
101.053242630,34073.1,78964.6,39426.7,14085.6,6525.01,3743.76,1775.89,2179.54,1511.01,1859.38,2403.16,1587.03,1228.23,1503.54,2998.04,1483.82,1180.08,1807.53,1707.12,18854.1,7232.8,2220.58,1919.4,1090.43,2744.94,3067.85,1642.92,930.807,3882.94,2082.57
102.539319728,24227.7,53434.8,34326.6,13674,5748.57,3519.74,1597.78,1643.92,1297.97,1479.03,1799.26,1094.86,1019.08,1242.41,2341.12,1294.07,1049.74,1866.26,879.675,16787.1,6037.88,1858.74,1792.39,1123.4,2194.43,2376.97,1555.91,1004.94,3103.56,2193.1
104.025396825,14794.6,31025.9,25420.9,11058,4602.31,2897.74,1318.25,1160.55,1036.37,1090.69,1243.61,687.914,781.849,929.569,1619.8,978.214,907.546,1692.07,588.624,12673.3,4130.8,1494.91,1552.78,1064.25,1605.91,1714.92,1402.29,910.489,2307.88,2002.22
105.511473923,7625.52,15102,15518.2,7438.97,3226.6,2214.08,1021.64,731.092,775.593,781.705,797.023,404.138,578.786,628.191,1012.24,593.499,725.918,1339.38,564.982,7737.19,2298.39,1133.19,1224.12,853.391,1094.43,1160.69,1224.76,657.397,1677.18,1430.62
106.997551020,3096.07,5906.14,7381.65,4088.1,1783,1666.44,694.529,472.51,508.361,547.685,503.77,217.308,439.485,413.257,601.384,271.537,532.154,919.476,511.927,3668.78,1055.25,789.173,882.353,593.536,683.326,772.495,1013.07,400.231,1321.36,693.722
108.483628118,812.435,1692.55,2564.69,1819.63,692.411,1184.69,433.569,333.093,312.098,384.096,387.019,133.089,428.525,288.319,362.092,145.887,384.349,646.893,416.162,1388.06,402.659,544.442,617.287,413.877,407.311,499.049,870.882,340.763,1059.64,239.938
109.969705215,78.5222,393.363,620.694,657.53,246.136,788.031,316.142,332.182,228.245,361.454,380.483,141.186,547.896,259.744,268.478,198.646,306.323,588.942,409.813,571.73,207.158,440.472,404.868,357.057,242.809,385.05,796.72,543.112,839.124,204.765
111.455782313,92.1772,304.1,123.059,252.531,252.668,619.416,317.781,385.013,268.211,500.702,454.77,244.706,757.389,283.446,270.119,311.535,264.64,626.831,537.404,449.351,259.325,468.489,269.616,403.438,204.062,400.483,654.72,945.059,764.389,395.391
112.941859410,198.838,480.716,47.0349,188.727,361.741,696.822,432.87,412.761,391.856,667.179,584.814,497.75,981.334,345.1,333.59,357.904,203.926,739.149,695.809,493.907,337.094,591.355,188.171,478.434,267.012,446.741,581.899,1309,838.632,502.826
114.427936508,229.177,658.551,47.9053,208.477,429.824,923.25,612.151,385.81,521.012,726.107,768.555,953.823,1177.26,442.471,455.68,320.317,131.094,908.221,827.389,506.925,378.335,706.05,176.294,535.28,424.471,479.415,632.87,1515.81,924.102,501.099
115.914013605,270.204,857.631,94.5072,237.741,490.435,1133.57,761.976,387.951,621.17,622.9,1096.2,1622.48,1391.5,518.09,648.566,262.577,85.1771,1079.06,995.372,453.593,399.964,801.245,218.902,547.677,633.759,490.441,774.053,1734.44,1020.47,504.976
117.400090703,372.063,1053.47,212.88,285.446,539.122,1251.73,850.014,504.32,730.267,530.145,1711.02,2459.06,1664.38,546.699,895.313,240.176,75.4673,1266.3,1208.34,439.918,417.401,857.803,319.551,538.96,846.588,482.165,966.005,2017.65,1187.5,567.189
118.886167800,568.374,1231.53,398.94,376.223,558.795,1283.63,890.73,744.966,946.682,681.742,2675.76,3352.77,2027.69,562.807,1148.79,286.952,104.177,1461.17,1435.96,587.997,474.024,882.565,449.227,529.605,1016.57,481.179,1155.43,2367.5,1428.1,702.76
120.372244898,855.216,1377.24,610.238,505.331,551.854,1251.83,906.628,1063.42,1316.93,1200.92,3882.09,4126.12,2454.15,615.042,1350.18,404.69,169.548,1619.65,1633.15,943.197,598.252,888.153,559.312,519.496,1108.72,492.521,1290.73,2725.3,1676.75,886.272
121.858321995,1174.98,1469.9,780.107,634.641,528.769,1186.25,917.439,1361.6,1789.03,1997.4,5035.87,4585.64,2843.07,731.283,1448.74,559.954,258.201,1682.43,1747,1420.02,769.825,882.981,600.961,495.605,1104.89,501.701,1338.55,2975.45,1843.25,1060.69
123.344399093,1435.94,1480.88,851.979,709.762,505.424,1099.1,928.683,1523.32,2222.48,2780.62,5769.51,4618.65,3051.57,895.381,1414.35,701.665,353.764,1595.32,1739.01,1845.92,922.314,859.929,546.893,438.863,1011.98,491.543,1296.93,3014.32,1862.14,1167.44
124.830476190,1565.81,1415.32,783.991,681.772,489.632,1010.58,949.574,1448.66,2457.86,3229.78,5766.19,4241.48,2981.79,1047.19,1260.86,775.271,437.925,1362.72,1594.99,2070.46,961.837,809.738,411.471,344.44,843.167,438.152,1195.57,2815.89,1710.73,1167.57
126.316553288,1496.24,1251.43,614.915,557.114,468.152,919.584,969.369,1158.79,2403.19,3175.22,4962.4,3582.6,2629.6,1135.92,1037.59,787.5,529.419,1036.83,1350.59,1965.39,872.258,715.128,254.05,250.817,653.525,365.883,1018.95,2401.69,1428.42,1076.58
127.802630385,1116.17,918.217,458.193,404.785,394.956,868.689,1043.24,748.343,2135.98,2708.19,3494.41,2880.34,2172.14,1177.85,821.643,794.331,609.347,766.485,1073.19,1541.89,735.342,612.944,149.683,236.272,493.652,276.551,774.982,1775.24,1098.29,953.222
129.288707483,618.121,518.481,576.563,368.827,285.499,862.102,1114.48,447.88,1747.86,1980.55,1911.08,2344.98,1869.58,1137.24,658.741,867.312,650.002,649.775,865.52,1026.62,614.48,552.682,196.604,388.8,470.479,220.13,535.211,1167.03,919.572,910.833
130.774784580,468.449,554.584,1281.69,491.827,240.656,864.235,1213.55,416.199,1362.98,1338.81,965.276,2093.89,1940.97,1131.43,577.81,1092.63,670.508,790.874,947.966,863.331,622.907,647.704,538.16,766.832,646.675,274.42,448.771,761.685,960.065,1022.88
132.260861678,1001.41,1931.93,2675.78,742.14,375.016,867.025,1341.43,657.738,1131.6,1134.96,1030.49,2320.38,2499.8,1343.69,596.85,1607.14,682.75,1208.34,1567.61,1413.72,906.413,928.273,1227.04,1317.38,1009.49,486.367,617.704,733.877,1260.66,1206.06
133.746938776,2209.09,5619.7,4380.79,1280.97,675.455,854.597,1473.1,1038.27,1111.29,1397.21,2038.86,3348.45,3338.99,1808.17,623.839,2554.8,706.945,1782.17,2801.36,2815.35,1601.14,1296.73,2161.1,1908.47,1559.68,914.944,975.65,978.599,1845.18,1396.83
135.233015873,4004.51,12005.4,5833.68,2303.4,1139.84,816.257,1632.76,1366.27,1176.86,1794.04,3504.28,5458.47,3943.68,2392.76,573.705,3966.14,779.6,2226.2,4448.82,5058.39,2670.37,1536.7,3088.2,2435.96,2263.41,1455.83,1466.56,1326.66,2483.96,1489.58
136.719092971,6317.31,20599.3,7173.61,3872.51,1745.65,707.44,1658.59,1626.6,1169.1,1982.29,4942.21,8676.74,3820.34,2841.79,450.648,5902.62,932.427,2283.23,6230.74,8270.96,3834.53,1606.47,3779.44,2907.94,2943.55,1971.02,1978.53,1653.73,2858.55,1357.96
138.205170068,8905.44,30283,9266.24,5947.29,2423.64,605.887,1492.04,1729.07,1069.92,1846.44,6002.86,12638.2,2957.88,3035.34,382.552,8061.78,1106.54,1973.74,7810.7,12488.2,4872.98,1506.52,4074.88,3259.45,3509.05,2311.26,2435.62,1842.29,2910.72,1033.68
139.691247166,11372.8,39552.2,12648.3,8303.08,3156.01,626.396,1210.51,1669.22,949.259,1537.89,6549.22,16406,1681.41,3107.33,454.9,9950.01,1211.87,1494.95,8981.78,17332.7,5703.86,1375.34,3949.7,3330.55,3887.8,2393.53,2902.28,1936.91,2675.34,593.24
141.177324263,13136.5,46633.9,16775,10401.7,3812.08,836.357,960.336,1448.18,880.061,1226.98,6697.28,18967.2,711.427,3173.28,681.388,11148.5,1224.42,1081.73,9615.27,21671.5,6317.55,1345.06,3671.89,3087.75,4010.9,2207.84,3353.83,2066.55,2421.78,277.808
142.663401361,13762.7,50059.7,20281.6,11521.6,4313.35,1195.1,912.569,1104.87,873.261,1042.12,6655.3,19666.9,551.92,3311.66,984.931,11511.2,1204.23,918.974,9611.11,24269.7,6630.2,1465.48,3633.94,2683.78,3870.94,1880.93,3680.19,2197.15,2389.75,361.374
144.149478458,13230.7,48844.4,21676.2,11275,4415.06,1644.71,1176.25,794.68,887.464,1021.4,6574.47,18535.2,1123.48,3631.47,1297.51,11266.9,1238,1007.37,9003.44,24386.8,6446.95,1717.56,3876.4,2377.99,3519.1,1628.5,3814.82,2338.21,2662.52,824.747
145.635555556,11756.4,43331.3,20266.2,9896.06,3907.16,2053.51,1769.92,717.022,930.027,1214.4,6426.06,16120.6,1983.18,4141.61,1608.8,10702.6,1396.25,1178.18,8055.38,21908.5,5604.87,2084.4,4062.74,2447.42,3110.21,1610,3800.18,2504.51,2838.35,1396.68
147.121632653,9795.42,35260.3,16691,8016.07,3047.76,2288.2,2580.8,959.903,1005.31,1536.25,6171.27,13161.7,2657.89,4684.15,1983.36,10104.2,1636.02,1302.41,7064.29,17844.9,4162.25,2587.67,3915.31,2877.37,2690.68,1826.37,3754.52,2740.14,2692.58,1762.79
148.607709751,7728.19,27043.2,12562.2,6288.82,2076.48,2231.02,3382.78,1572.48,1135.01,1822.42,5559.29,10666.5,3007.9,4914.87,2485.84,9557.79,1799.32,1406.44,6196.76,13935.4,2384.73,3206.92,3327.32,3322.8,2345.86,2108.01,3661.91,2994.29,2169.11,1816.32
150.093786848,6314.19,20617.2,9645.91,4889.86,1302.06,1862.82,3935.81,2428.1,1351.42,1980.92,4594.83,9194.29,3099.36,4530.34,2984.59,8986.88,1781.74,1542.37,5681.19,11712.7,931.944,3928.7,2527.36,3505.44,2091.13,2305.09,3538.94,3107.14,1572.12,1807.99
151.579863946,5850.21,17429.4,8911.54,3968.69,1078.11,1384.58,4228.98,3323.67,1508.65,1901.31,3750.98,8721.24,3163.64,3595.83,3238.6,8457.47,1579.26,1731.19,5541.77,11735.2,632.708,4496.48,2021.28,3287.81,1783.14,2371.96,3516.53,2946.74,1322.47,2074.38
153.065941043,6075.97,17647.4,10164.5,3701.98,1421.62,940.736,4205.25,4164.69,1506.01,1600.06,3360.06,9237.8,3210.01,2557.75,3109.22,8048.93,1323.45,1856,5588.88,13639.2,1606.67,4615.8,2030.12,2883.42,1448.65,2365.27,3617.8,2624.24,1625,2884.51
154.552018141,6517.59,20055.2,12202.9,4042.53,2094.57,674.158,4092.82,4521.14,1537.79,1276.74,3340.37,10571.3,2971.93,1875,2722,7874.24,1121.42,1813.95,5554.81,16632.8,3077.8,4415.91,2378.73,2611.69,1204.88,2290.8,3680.5,2338.17,2257.88,3943.5
156.038095238,6783.98,22308.4,13489.9,4766.08,2638.23,637.343,3994.02,4289.8,1556.34,1088.42,3288.4,12484.5,2225.36,1662.94,2244.33,8174.51,1055.83,1714.96,5304.83,20056.2,3970.99,3922.17,2686.33,2618.13,1203.1,2182.32,3631.79,2197.86,2735.68,4451.86
157.524172336,6882.16,22720.9,13200.8,5666.56,2918.24,805.462,3811.17,3794.63,1376.34,1124.66,2895.41,14775.3,1279.31,1680.57,1887.86,8797.05,1236.65,1612.39,4941.72,23385.7,3917.69,3260.01,2758.63,2813.45,1592.1,2157.81,3443.36,2262.35,2666.44,4292.02
159.010249433,6931.12,21446,11789.6,6588.62,3160.99,1048.93,3692.88,3022.91,1174.66,1328.53,2330.54,16877.2,564.826,1776.18,1736.35,9848.29,1676.33,1581.59,4719.11,26170.9,3403.08,2783.87,2765.51,3178.76,2304,2079.47,3382.13,2391.67,2172.02,3518.54
160.496326531,6981.23,19895.4,10681.6,7502.82,3249.27,1225.26,3537.22,2349.89,984.301,1476.76,1952.6,18469.8,414.811,1914.73,1706.46,11016.2,2175.22,1760.29,5036.62,28033.9,3275.46,2512.19,2843.85,3483.43,3021.96,1943.15,3582.35,2435.59,1676.68,2659.65
161.982403628,7302.77,19172.4,10986.8,8418.17,3297.44,1281.57,3394.36,1966.54,777.754,1482.86,1946.15,19302.8,852.505,1927.77,1646.61,12010.4,2508.4,2089.34,5982.88,28901.2,3952.16,2387.19,2951.45,3549.17,3532.35,1850.24,4036.19,2349.18,1488.86,2513.36
163.468480726,8197.82,19661.8,12458.2,9302.15,3284.11,1261.99,3392.74,1749.36,625.019,1379.48,2201.21,19417.7,1595.17,1714.53,1427.9,12792.9,2581.21,2526.32,7327.82,29136.1,5058.55,2304.91,2997.72,3347.65,3682.75,1807.33,4814.25,2180.57,1546.14,3134.11
164.954557823,9335.99,20938.6,13801.4,9721.46,3407.56,1161.41,3604.6,1704.79,576.045,1333.1,2374.79,19471.8,2353.04,1418.78,1130.65,13176.5,2385.58,3048.35,8528.29,28849.8,5835.38,2148.2,2793.85,2959.89,3559.76,1832.44,5783.79,2074.04,1643.11,4134.8
166.440634921,10043.9,22407.7,14041.4,9449.15,3769.57,1050.74,3985.14,1856.08,667.219,1524.71,2375.99,19582.4,2777.93,1145.09,811.445,13182.8,2003.48,3438.55,9091.69,28046.6,5799.24,1889.78,2327.39,2507.12,3304.49,1870.65,6700.62,2206.08,1705.47,5160.84
167.926712018,10046.8,24023.3,12976,8803.26,4091.17,1096.7,4399.82,2295.53,842.16,1754.57,2261.08,19651.4,2649.14,940.145,496.676,12944.2,1560.61,3632.12,8895.99,26630.4,4993.48,1487.49,1800.49,2163.84,3021.93,1942.12,7089.37,2440.03,1714.8,5625.32
169.412789116,9897.89,25612.8,11377.4,8241.07,4411.72,1227.89,4657.9,2914.18,1027.68,1809.14,2150.75,19682.5,2084.29,829.609,337.567,12343.8,1118.21,3600.53,8070.77,24888.8,3715.69,1013.78,1446.47,1986.38,2948.33,2081.64,6602.2,2637.35,1668.17,5539.13
170.898866213,9991.43,27368.5,9929.04,7793.3,4670.24,1383.94,4771.82,3351.79,1250.02,1670.43,2178.84,19330.1,1379.61,882.26,349.864,11369.3,758.504,3229.46,7102.62,23024.7,2547.02,705.936,1349.39,1911.83,3062.78,2260.71,5445.96,2634.52,1608.34,4993.36
172.384943311,10213.3,28989.1,9228.56,7415.43,4555.97,1443.45,4476.58,3565.26,1528.04,1420.9,2362.45,18430.2,923.974,1134.29,490.319,10010,587.766,2702.15,6373.45,21015.7,2112.98,755.715,1419.58,1881.84,3298.23,2431.74,4047.58,2430.86,1601.81,4184.75
173.871020408,10471,28549.5,9285.44,7024.12,4280.67,1455.48,3907.09,3558.93,1712.31,1164.86,2692.55,16707.7,969.483,1459.7,707.731,8562.43,654.656,2308.85,6046.66,18755.2,2676.98,1075.83,1643.05,1973.89,3569.8,2410.34,3161.51,2172.06,1833.91,3817.31
175.357097506,11061,24291.6,9585.47,6789.03,4220.44,1574.8,3407.86,3404.14,1663.77,998.738,3117.1,14124.1,1579.27,1733.58,954.069,7290.87,912.988,2073.62,6119.81,15994.9,3961.67,1491.82,1952.12,2188.81,3723.78,2168.92,2965.88,1910.49,2418.44,4271.39
176.843174603,12727.2,16453.1,10127.8,6926.17,4819.76,1798.5,3000.03,3387.03,1341,874.764,3421.59,11088.4,2560.33,1916.59,1279.46,6255.77,1274.1,1794.98,6537.98,13101.9,5315.36,1877.44,2325.98,2563.01,3598.72,1898.35,3127.88,1948.67,3193.04,5410.61
178.329251701,16254.7,8506.7,11603.9,7340.33,5929.21,2154.32,3116.12,3279.67,1014.43,873.413,3500.78,8031.78,3486.52,2021.37,1669.33,5362,1608.51,1496.74,7237.26,10803,6540.5,2320.49,2677.92,2967.91,3351.15,1606.38,3659.04,2218.68,3896.51,6869.92
179.815328798,21859.1,6471.03,14579.5,7719.33,7028.32,2863.26,3527.43,3035.28,833.536,996.416,3415.08,5529.98,4009.6,2064.86,2002.62,4535.05,1972.87,1165.18,7872.34,9750.87,7838.35,2689.8,3010.33,3244.51,2967.69,1468.74,4397.97,2634.88,4565.52,7916.35
181.301405896,29242.7,15117,19440.5,7938.46,7777.85,3782.62,3992.81,2620.87,904.676,1189.45,3238.64,4099.08,4129.2,2017.12,2272.86,3770.37,2194.15,957.987,8127.51,10431.9,9127.24,2817.19,3182.68,3152.12,2525.22,1386.07,5100.54,3328.71,4854.49,8200.99
182.787482993,37063.1,34114.1,26076.3,8174.88,8146.86,4403.76,4440.3,2138.63,1135.57,1180.55,3065.29,3548.48,4082.35,1850.66,2700.91,3060.42,2109.99,1062.52,8290.34,12984.9,10060.3,2634.69,3256.03,2758.3,2117.72,1329.62,5520.47,4208.51,4422.36,7809.11
184.273560091,43006.1,58861.8,33544.1,8285.3,7594.46,4606.95,4366.07,1905.39,1285.4,939.696,2940.92,3517.11,3946.95,1764.78,3446.56,2604.92,1923.45,1380.56,8703.19,17411.9,10344.9,2145.51,3400.45,2458.17,1796.47,1430.07,5227.08,5112.7,3426.38,6957.4
185.759637188,44615.9,82986.5,40457.4,8164.52,5961.98,4684.13,3973.66,1726.51,1285.98,814.073,2908.33,3687.1,3787.69,2077.78,4444.02,2652.22,1921,1832.83,9285.67,23480.9,10129.7,1829.58,3617.59,2589.23,1690.35,1653.18,4331.85,5617.09,2313.39,5815.16
187.245714286,41316.9,101239,45587.8,7869.32,4019.2,4742.38,3391.09,1513.75,1262.83,1139.61,2900.79,3865.77,3710.16,2832.54,5489.09,3217.16,2284.55,2343.92,9761.83,31032.3,9589.85,2103.91,4007.38,3222.26,1792,1864.11,3094.85,5694.86,1444.29,4785.03
188.731791383,35076.1,111790,48552.1,7297.51,2621.28,4588.21,2720.57,1288.94,1407.22,2053.86,2960.15,4020.56,3732.51,3737.7,6302.97,3937.65,2864.26,2862.19,10001.5,39730.5,8884.83,3042.42,4385.91,3993.9,2096.84,1953.13,1951.28,5516.55,1114.68,4043.32
190.217868481,28858.1,115005,50267.9,6027.71,2256.57,4314.01,2309.36,955.646,1861.16,3160.63,3105.76,4295.77,3819.65,4278.63,6580.86,4375.21,3368.28,3242.33,9981.01,49331.4,8222.06,4336.01,4512.71,4456.21,2466.93,1852.56,1423.36,4887.04,1411.72,3862.19
191.703945578,24423.8,112820,52333,4710.58,2536.61,4144.9,2060.24,718.313,2571.07,3944.35,3322.95,4780.5,3788.87,4310.91,6017.12,4405.73,3715.04,3372.56,9663.61,58747.7,7934.84,5475.13,4521.33,4578.56,2732.76,1589.79,1727.77,4171.75,2083.42,4354.8
193.190022676,21665.8,107898,55467.4,4609.9,2857.2,4158.39,1938.62,710.646,3292.39,4238.73,3487.43,5445.97,3508.81,3972.46,4717.23,4041.42,3816.04,3413.79,8841.72,65855.8,8329.36,6167,4266.48,4360.92,2886.95,1383.19,2821.86,3455.36,2727.03,5015.58
194.676099773,19467.5,102521,58635.3,6014.34,3263.17,4143.5,2020.05,1129.46,3723.27,4024.67,3507.68,6180.53,3040.96,3315.22,3208.98,3425.22,3727.59,3560.47,7602.62,67861.7,9260.9,6017.7,3769.26,4001.34,2816.65,1488.38,4486.89,2813.86,3193.42,5468.35
196.162176871,17623.3,98905.3,59733.2,8030.73,3910.51,3846,2228.05,1980.2,3801.33,3519.85,3441.84,6820.49,2571.59,2506.74,1973.42,2818.02,3558.89,3826.08,6450.73,63649.8,10135.5,5228.89,3026.56,3715.82,2644.65,2115.44,6274.22,2306.47,3601.6,5493.44
197.648253968,17404,99165.4,57095.6,9278.96,4780.61,3335.66,2586.45,3193.87,3646.31,2898.75,3379.13,7091.07,2409.6,1834.18,1432.1,2353.01,3279.92,4342.47,6021.78,55518.5,10079.5,4242.28,2255.47,3706.77,2492.3,3258.42,7678.27,1890.61,4043.01,5112.84
199.134331066,20269.9,103484,51182.1,8910.86,5829.79,2967.5,3028.06,4590.23,3260.3,2418.32,3333.55,6911.56,2642.44,1545.32,1696.51,2070.06,2943.58,4933.66,6105.74,46499.5,9199.42,3336.23,1723.85,3832.13,2576.35,4702.69,8403.19,1691.1,4639.24,4566.34
200.620408163,26300.9,109902,44237.9,7498.12,6979.9,3088.61,3458.53,5730.73,2888.56,2215.07,3205.14,6279.08,3132.87,1634.48,2515.31,1952.87,2600.12,5476.53,6262.82,38236.5,8196.85,2749.51,1542.14,3974.62,2945.24,5895.21,8700.84,1667.13,5509.58,3825.78
202.106485261,33269,113841,39263.8,6562.28,8113.1,3587.78,3695.4,6403.77,2707.15,2296.65,2961.05,5282.39,3521.44,1912.68,3423.19,1952.47,2374.16,5871.11,5840.04,31428.1,7601.85,2623.3,1686.13,4010.33,3465.19,6474.56,8528.12,1978.23,6403.62,3108.82
203.592562358,37856.8,110582,37519,7311.5,8875.76,4223.71,3905.81,6254.01,2825.56,2479.86,2541.06,4157.67,3524.86,2158.32,3981.95,1946.87,2209.79,5949.89,4495.06,26358.6,7445.74,2877.15,2005.29,3893.55,3847.67,6329.77,7920.42,2511.54,6905.88,2864.03
205.078639456,37895.8,98062.8,37551,9673.96,8909.29,4747.81,3941.31,5492.84,3020.81,2519.67,2050.53,3002.17,3131.12,2231.35,3952.05,1853.12,2055.06,5726.85,2762.31,22817.1,7581.07,3165.35,2262.12,3620.64,3943.53,5649.02,6804.58,3080.86,6720.92,3225.47
206.564716553,32961.4,78041.4,36286.7,12285.6,8242.84,4934.65,3680.86,4426.45,3051.59,2290.75,1555.31,1913.2,2448.54,2046.63,3369.85,1636.23,1798.36,5087.92,1367.42,20083.2,7540.52,3307.78,2293.41,3172.67,3664.02,4708.34,5285,3508.06,6037.31,3849.19
208.050793651,24782,54788.1,31632,13103.2,7098.05,4404.33,3177.84,3249.33,2835.83,1869.74,1136.02,1068.29,1643.03,1600.07,2472.79,1322.87,1448.35,4252.62,619.923,17119.6,6711.37,3101.39,2023.66,2554.38,3124.61,3475.61,3862.49,3405.7,4913.07,4075.33
209.536870748,16178.9,33212.3,23922.6,11479.9,5732.69,3239.01,2397.55,2206.44,2336.62,1353.58,881.586,545.672,906.978,1089.25,1504.44,978.557,1117.96,3315.79,445.946,13165.9,5143.25,2548.06,1633.74,1949.61,2340.1,2323.14,2532.29,2973.02,3546.34,3822.98
211.022947846,9337.19,16902.2,15245.4,8301.77,4285.93,2004.8,1654.53,1314.4,1717.32,849.031,784.546,303.322,451.234,669.14,779.006,647.397,842.675,2334.09,602.107,8493.89,3433.52,1808.99,1248.19,1393.37,1572.51,1392.6,1433.02,2379.05,2183.22,3268.82
212.509024943,4720.93,6933.74,7846.65,4830.5,2845.77,1066.78,1040.27,743.46,1095.23,465.836,725.935,279.141,352.198,439.974,369.045,402.198,670.584,1519.23,765.652,4468.74,2040.81,1047.94,929.089,1048.44,954.589,792.562,710.116,1696.87,1135.38,2469.86
213.995102041,2087.28,2043.75,3099.52,2263.17,1596.31,445.58,589.685,403.263,715.192,291.513,743.355,378.998,548.404,445.186,232.45,301.359,535.772,990.335,784.269,2023.38,1140.72,537.267,741.672,954.001,585.483,406.69,362.748,1264.34,450.514,1632.4
215.481179138,842.241,405.396,953.123,874.882,831.993,204.841,386.954,289.874,537.264,365.222,892.078,507.841,920.955,673.747,280.8,392.131,435.526,817.158,786.331,1099.74,753.305,403.359,704.809,1045.79,373.092,257.257,363.438,1089.58,289.717,916.339
216.967256236,377.045,260.817,338.216,419.811,525.247,360.264,343.353,336.327,527.064,650.241,1098.72,609.055,1335.26,997.727,447.928,635.714,402.623,819.57,909.854,971.139,746.133,607.439,780.31,1278.64,287.34,288.614,534.887,1065.41,632.851,537.692
218.453333333,258.547,490.362,253.452,406.3,525.122,645.619,393.336,454.558,584.148,1001.78,1279.98,731.247,1689.93,1277.04,674.689,882.526,389.958,911.485,1125.04,1056.65,830.942,902.81,880.691,1545.62,277.66,366.941,716.012,1144.13,1138.13,480.846
219.939410431,260.422,663.375,261.831,458.228,666.906,870.804,507.054,503.209,697.494,1222.77,1429.21,953.48,1922.15,1447.94,929.726,1008.96,370.401,1104.97,1244.5,1078.46,863.857,1112.79,962.407,1776.73,346.35,382.123,799.336,1256.94,1437.71,495.026
221.425487528,281.896,801.599,295.22,478.863,797.64,1063.57,666.467,474.518,843.93,1276.56,1575.52,1354.33,2025.88,1423.56,1230.11,997.349,352.907,1288.32,1270.86,990.048,823.715,1222.7,965.247,1841.06,453.586,372.801,902.44,1285.61,1509.22,522.248
222.911564626,309.677,862.951,333.273,485.062,866.447,1231.98,844.399,421.277,1010.87,1163.87,1822.81,1879.17,2032.26,1193.51,1529.71,868.399,333.552,1480.08,1294.81,901.689,694.787,1188.37,920.951,1786.7,572.482,366.571,1086.6,1229.85,1358.74,612.072
224.397641723,361.693,823.745,360.311,489.273,861.177,1363,1000.45,435.288,1218.45,1078.79,2196.12,2393.01,1984.68,852.301,1741.53,714.847,329.796,1690.08,1367.57,893.901,528.337,1045.42,854.458,1671.72,667.802,356.859,1320.51,1128.7,1098.78,788.412
225.883718821,456.665,710.299,358.917,490.615,800.132,1446.28,1099.78,580.091,1494.31,1255.66,2612.54,2781.94,1939.46,561.477,1814.97,631.338,362.511,1866.36,1477.88,983.852,421.388,848.404,778.261,1515.42,710.476,333.967,1533.71,1048.46,878.398,1013.62
227.369795918,596.416,585.071,326.288,484.682,717.069,1470.19,1124.19,847.38,1835.27,1783.07,2957.83,2969.65,1933.38,453.844,1750.75,663.938,440.855,1950,1555.29,1133.84,426.096,647.231,691.859,1326.5,688.602,297.439,1656.43,1035.68,791.588,1204.41
228.855873016,754.553,507.469,278.162,466.258,644.873,1428.25,1081,1154.51,2178.61,2516.03,3125.3,2927.43,1954.04,553.648,1586.12,789.867,553.873,1894.94,1524.98,1271.3,524.449,472.254,584.55,1110.93,612.487,257.689,1654.06,1092.54,837.578,1279.69
230.341950113,880.555,485.041,238.829,430.158,606.099,1309.69,990.239,1389.48,2404.33,3138.06,3020.39,2683.88,1941.16,777.054,1344.3,942.335,682.433,1662.95,1374.83,1332.57,641.282,336.207,456.958,884.553,535.575,231.807,1515,1162.94,947.932,1205.86
231.828027211,890.358,468.015,223.871,356.313,604.138,1071.89,868.509,1453.47,2481.48,3403.09,2625.57,2335.18,1889.21,948.88,1024.41,1069.74,821.864,1250.07,1169.36,1321.47,725.544,244.909,350.787,682.758,536.967,221.197,1215.15,1161.66,1053.94,1008.06
233.314104308,813.407,431.401,232.44,259.271,610.535,782.781,770.308,1291.95,2396.07,3179.44,2043.96,2006.47,1799.94,929.181,694.069,1173.26,961.447,770.891,929.87,1204.65,762.217,192.139,308.6,542.045,601.584,234.667,878.112,1091.96,1087.56,782.449
234.800181406,719.525,394.529,276.213,196.966,630.699,513.067,727.934,1003.54,2116.52,2554.28,1477.1,1722.11,1659.53,744.033,439.174,1255.79,1099.84,397.792,718.525,992.642,765.339,183.759,362.14,477.122,701.852,282.169,625.409,997.735,1047.23,629.641
236.286258503,697.005,390.459,429.257,223.944,671.08,324.76,740.951,734.377,1732.44,1850.94,1064.54,1495.04,1557,546.078,354.195,1320.21,1202.89,281.541,624.09,769.449,732.985,213.169,555.479,474.737,822.145,401.797,508.062,957.656,953.337,556.231
237.772335601,794.349,468.801,768.679,313.686,714.272,257.897,850.178,600.695,1379.78,1318.83,908.925,1349.34,1560.17,524.716,468.817,1399.29,1235.83,514.562,704.379,660.035,698.557,283.482,900.133,503.719,958.334,635.825,545.69,968.333,873.076,558.583
239.258412698,1034.34,760.226,1296.31,443.65,727.894,318.717,1080.54,643.449,1166.58,1094.17,1078.07,1305.17,1661.47,767.271,702.051,1516.38,1169.85,1096.86,1019.08,766.517,672.995,388.032,1335.26,553.012,1063.29,1042.37,726.871,995.857,840.115,611.178
240.744489796,1387.79,1466.42,1878.04,624.907,687.445,468.917,1371.56,815.485,1097.44,1127.97,1484.67,1449.22,1870.29,1144.2,894.613,1766.09,1058.18,1809.48,1561.88,1110.05,680.28,521.573,1753.44,614.544,1114.24,1614.73,996.365,1010.05,901.234,650.255
242.230566893,1772.95,2773.44,2267.32,837.538,652.055,679.961,1607.27,1022.9,1145.28,1192.38,2023.66,1868.74,2138.64,1465.52,946.95,2235.38,975.326,2327.8,2216.99,1683.34,770.705,669.279,2059.18,641.423,1106.16,2257.92,1291.8,1046.65,1053.41,602.335
243.716643991,2189.9,4602.77,2368.81,1024.32,746.479,934.213,1690.97,1183.59,1227.67,1121.72,2584.32,2655.53,2362.28,1577.36,889.278,2922.78,934.263,2502.97,2867.65,2500.86,993.404,789.518,2251.42,656.881,1041.23,2834.51,1550.39,1113.87,1290.59,543.03
245.202721088,2543.01,6396.75,2319.62,1250.19,1047.58,1289.37,1674.6,1216.34,1272.54,932.332,2974.1,3813.55,2404.81,1426.01,766.138,3759.48,918.717,2279.76,3368.27,3504.16,1374.45,832.965,2247.25,649.403,952.344,3233.38,1683.7,1168.25,1436.75,460.301
246.688798186,2718.47,7475.81,2464.07,1620.87,1610.64,1793.79,1575.24,1226.54,1185.63,770.887,2990.1,5155.11,2101.82,1174.25,610.828,4677.39,875.102,1870.55,3557.13,4736.15,1798.74,805.386,2045.84,566.873,878.171,3313.06,1689.98,1127.51,1429.79,417.164
248.174875283,2750.35,7585.9,3195.28,2158.57,2430.25,2456,1431.54,1368.14,986.804,717.461,2585.2,6416.36,1578.18,994.034,503.923,5597.9,751.149,1481.87,3484.04,6189.5,2151.07,725.83,1712.47,447.126,871.763,3163.58,1655.64,967.936,1334.53,516.649
249.660952381,2884.95,6990.54,4571.06,2816.37,3353.28,3198.5,1313.33,1652.27,768.515,753.954,1882.67,7432.93,1133.56,879.746,505.8,6465.71,602.698,1191.83,3333.27,7773.41,2382.73,628.837,1373.5,405.848,952.511,2975.65,1683.74,779.42,1152.77,712.736
251.147029478,3308.8,6619.05,6056.61,3590.44,4383.69,3904.89,1152.5,1996.04,634.11,889.418,1122.23,8235.87,895.377,810.52,508.787,7300.48,509.946,1133.22,3336.65,9447.83,2483.65,533.917,1156.63,414.959,1096.54,2908.59,1859.17,632.421,990.644,859.279
252.633106576,4050.44,7383.8,7111.15,4498.68,5399.04,4488.43,981.191,2310.68,658.48,1122.76,607.364,9019.33,832.898,778.147,501.635,8013.42,497.43,1301.55,3604.72,11123.3,2554.85,465.928,1111.21,396.541,1239,3113.23,2170.29,547.206,905.804,835.345
254.119183673,5078.55,9410.03,7743.78,5466.19,6239.31,4865.93,889.793,2573.39,855.184,1358.58,527.197,9999.8,785.244,793.886,549.59,8670.05,566.708,1639.43,4063.21,12699.7,2684.71,426.073,1226.97,351.314,1274.18,3531.56,2573.84,567.112,933.657,689.487
255.605260771,6245.21,12025.2,8337.09,6428.69,6829.17,5098.98,944.542,2782.38,1103.16,1445.12,832.829,11363,691.317,864.317,698.761,9225.04,730.035,2056.44,4623.64,14087.2,2886.21,419.874,1420.39,341.565,1102.71,3940.15,2923.99,694.441,1015.69,610.253
257.091337868,7314.98,14587.6,9051.71,7246.01,6975.31,5195.5,1179.32,2923.14,1376.58,1384.18,1376.83,13009,606.997,962.78,928.448,9669.23,973.424,2460.83,5254.77,14992.4,3142.97,501.745,1510.16,365.875,853.833,4184.86,3233.03,898.251,1043.71,682.165
258.577414966,8008.42,16833.7,9608.16,7769.33,6637.78,5124.33,1549.01,2993.34,1615.99,1308.33,1970.59,14574.5,596.03,1050.29,1172.67,9843.4,1173.79,2850.9,5922.72,15300.5,3375.77,693.79,1430.01,408.959,610.314,4097,3361.03,1158.49,1020.78,969.036
260.063492063,8224.16,18648.5,9523.63,7808.69,5899.13,4845.1,1949.64,2826.54,1741.73,1298.84,2475.33,15586.3,674.286,1113.11,1249.53,9613.38,1300.32,3216.01,6498.52,15020.3,3523.62,980.711,1307.15,522.283,420.188,3603.61,3161.3,1427,956.372,1358.82
261.549569161,8190.46,19619.6,8724.27,7105.75,4762.29,4386.9,2331.37,2340.92,1728.55,1394.74,2761.86,15720.3,848.931,1100.42,1084.41,9047.4,1377.84,3498.65,6704.62,14332.7,3499.56,1274.02,1246.29,763.39,321.734,2852.09,2703.5,1712.44,925.853,1669.42
263.035646259,8042.95,19140.7,7499.99,5994.58,3602.3,3947.4,2565.66,1817.87,1585.43,1669.6,2635.72,15146.9,1099.98,1038.29,805.051,8197.45,1404.81,3767.55,6394.25,13406.3,3434.6,1346.69,1153.63,1017.86,315.585,2128.06,2301.63,1946.34,968.969,1935.51
264.521723356,7707.28,16822.1,6277.23,5113.85,2740.34,3876.89,2640.35,1472.37,1368.9,2396.72,2236.52,14078.5,1298.96,989.424,535.079,7142.21,1430.25,3942.19,5749.12,12253.5,3570.32,1188.8,882.587,1095.45,411.267,1652.06,2368.02,2294.5,1109.63,2315.24
266.007800454,7411.21,13792.3,5960.13,4705.91,2089.66,4088.54,2765.69,1535.46,1423.67,3766.03,1938.34,13189.5,1472.19,1031.28,493.773,6005.7,1509.71,3799.97,5420.34,10845,4078.93,1155.92,490.845,1005.25,725.868,1561.72,2858.39,3041.02,1356.41,3286.09
267.493877551,7384.69,11783.2,6957.54,4597.21,1819.66,4430.63,3055.12,2406.34,2015.65,5551.45,2271.27,12831.5,1832.17,1296.48,998.581,5246.71,1769.68,3684.44,5971.97,9650.3,4927.78,1841.29,488.317,979.22,1372.81,2145.19,3524.87,4173.84,1779.17,5212.48
268.979954649,7858.28,11698.7,8915.18,4663.28,2195.86,4824.36,3594.78,4012.5,3124.68,7283.69,3648.34,12989.4,2623.79,1961.46,2162.06,5234.38,2470.58,4076.13,7531.5,9014.12,5941.71,3562.78,1318.98,1323.62,2336.13,3454.99,4213.34,5556.27,2354.23,7734.91
270.466031746,8755.25,13090.5,10820.5,5074.85,3218.49,5274.01,4171.3,5875.24,4462.29,8556.09,5912.64,13463.6,3984.35,3012.88,3796.77,5928.94,3654.86,5155.76,9602.91,8924.46,6943.7,6052.24,2924.89,2152.61,3536.58,5242.36,4764.26,6897.35,3065.08,10032.1
271.952108844,9567.53,14505.3,11732.5,5946.61,4545.65,5661,4560.04,7163.18,5588.49,9193.71,8321.99,13766.8,5685.43,4197.41,5523.06,6891.14,4955.66,6667.28,11373.3,9128.37,7707.88,8499.81,4754.56,3344.35,4701.26,6858.4,5097.64,7896.71,3752.98,11327.5
273.438185941,9566.84,14584.3,11222.7,6765.49,5718.78,5826.92,4776.83,7529.81,6094.42,9072.51,9921.92,13256.6,7195.86,5131.54,6840.12,7658.6,6058.82,7849.8,12012.8,9115.53,7999.18,10078.8,6144.48,4615,5415.64,7680.75,5277.18,8222.73,4251.85,11138.1
274.924263039,8680.45,12730.8,9352.9,6817.91,6219.61,5622.04,4790.63,7085.71,5910.93,8073.05,9930.21,11624.5,8091.99,5671.82,7279.25,7825.55,6685.71,8029.62,11132.4,8508.44,7735.3,10240.6,6622.92,5415.12,5485.64,7566.35,5112.46,7619.02,4344.65,9805.24
276.410340136,7068.57,9372.08,6657.18,5900.8,5863.63,4960.65,4648.3,6027.48,5250.74,6358.33,8242.22,9055.64,8170.18,5728.71,6908.47,7003.46,6490,7098.87,9017.64,7283.77,6793.12,8884.29,6081.16,5399.31,4864.18,6501.05,4588.7,6235.78,4030.75,7773.17
277.896417234,4890.45,5595,3924.19,4411.35,4857.41,3856.41,4263.48,4633.84,4348.74,4430.67,5576.46,6178.88,7364.07,5146.35,5982.6,5373.26,5444.04,5364.71,6314.69,5567.55,5264.53,6642.89,4749.37,4496.11,3741.18,4784.58,3788.33,4473.35,3278.72,5422.33
279.382494331,2656.27,2566.02,1905.08,2802.25,3434.75,2563.12,3604.17,3288.13,3285.4,2759.71,2950.26,3644.81,5817.78,4038.67,4763.35,3515.76,3927.03,3369.38,3805.14,3773.04,3510.65,4329.99,3128.92,3081.24,2456.66,3001.71,2829.72,2843.37,2371.45,3321.57
280.868571429,1029.21,966.892,952.808,1519.54,2087.07,1371.71,2736,2191.08,2277.15,1625.73,1140.94,1888.93,3997.12,2731.15,3490.84,2011.82,2488.61,1730.38,2049.18,2276.83,1966.8,2495.5,1728.51,1712.41,1414.06,1587.05,1913.05,1622.8,1562.33,1924.79
282.354648526,377.395,788.86,1018.75,865.001,1158.73,561.013,1841.68,1404.5,1471,1007.71,353.205,989.729,2453.63,1634.81,2481.52,1139.45,1479.56,755.817,1175.48,1303.13,910.464,1369.82,845.583,822.597,832.997,758.529,1231.06,881.213,1068.32,1199.65
283.840725624,493.346,1531.77,1629.53,801.069,727.808,220.134,1160.45,954.042,907.893,726.628,290.029,754.901,1420.4,955.457,1801.79,826.655,917.096,396.164,917.896,934.487,414.257,851.82,502.796,430.878,603.556,404.319,928.62,570.167,891.951,942.937
285.326802721,937.496,2535.34,2293.19,1039.81,610.363,172.656,808.668,823.785,567.816,606.272,518.84,926.533,859.183,600.966,1307.47,822.957,668.255,351.879,833.147,1021.75,350.09,687.903,498.398,314.827,526.132,285.322,1015.22,556.384,790.942,845.061
286.812879819,1405.24,3329.62,2803.03,1319.62,575.989,199.545,781.745,828.01,396.965,523.58,700.117,1288.33,647.596,396.16,940.366,866.661,553.559,393.053,705.42,1319.72,510.125,650.924,576.269,267.053,486.744,246.761,1294.01,671.103,631.33,722.979
288.298956916,1734.89,3719.14,3085.23,1556.28,541.925,212.004,868.721,822.893,286.424,438.639,724.417,1736.33,598.428,256.714,641.719,858.847,476.635,441.571,516.284,1668.18,728.783,603.102,560.705,216.656,474.128,271.663,1606.63,758.112,480.905,586.259
289.785034014,1959.41,3756.98,2983.22,1716.86,463.315,240.63,944.992,781.761,169.891,336.14,707.096,2150.73,582.331,204.571,363.796,849.042,408.842,520.865,330.288,2001.67,905.199,498.702,497.489,216.888,506.758,367.726,1832.14,824.403,378.759,421.813
291.271111111,2071,3583.44,2616.36,1801.14,364.949,299.533,969.351,733.701,97.0079,227.527,655.34,2408.29,575.842,275.892,211.665,822.271,361.42,580.488,202.097,2245.61,1014.81,391.535,425.787,256.249,569.703,526.276,1883.53,859.462,360.1,275.95
292.757188209,2071,3459.14,2195.62,1803.22,288.375,386.461,929.745,702.4,117.076,144.216,582.969,2424.74,550.004,440.103,229.895,773.45,337.566,593.224,154.281,2333.68,1064.23,336.099,370.762,303.573,636.461,683.816,1761.68,847.538,424.138,193.037
294.243265306,1975.98,3553.48,1918.35,1737.12,272.742,495.581,820.594,691.877,229.104,113.389,497.273,2193.18,496.629,620.16,374.998,702.698,340.36,556.419,176.147,2224.66,1076.78,348.842,356.528,346.916,673.69,774.067,1520.85,778.799,540.538,189.393
295.729342404,1821.77,3826.88,1841.21,1607.56,341.665,611.76,653.457,681.004,370.651,136.27,396.267,1817.05,433.625,732.01,551.942,615.04,364.527,477.642,241.318,1939.64,1063.41,412.905,379.732,379.387,661.139,776.836,1220.69,662.997,653.069,249.639
297.215419501,1598.87,4008.3,1909.8,1440.99,467.382,695.404,471.479,646.73,476.57,198.665,294.316,1398.29,385.564,730.968,674.417,504.234,388.088,385.865,321.93,1563.94,1006.04,482.331,409.947,391.214,598.888,705.019,916.863,522.814,713.849,339.068
298.701496599,1324.91,3839.27,1978.53,1245.99,571.63,706.004,331.253,575.358,505.047,258.782,213.902,1011.74,355.747,628.483,681.671,384.922,391.902,311.618,387.94,1180.24,883.119,503.293,415.76,382.105,502.252,572.793,666.661,385.978,683.741,409.146
300.187573696,1015.02,3235.84,1881.94,1014.05,596.51,629.676,251.854,476.555,450.964,290.104,153.716,699.013,321.628,470.82,565.908,287.535,372.587,257.292,406.497,833.47,694.214,445.765,375.14,355.674,386.722,415.295,476.731,270.044,575.105,427.178
301.673650794,707.566,2346.95,1559.77,744.007,521.148,495.666,212.159,361.366,344.802,271.274,113.79,453.578,265.214,315.823,392.584,206.76,321.953,208.662,361.666,539.272,479.499,328.087,301.211,306.467,264.59,274.876,339.231,186.508,422.992,378.864